{
"texture":"nn_jd_zhongjiang_money.png",
"maxRadiusVariance":30
,"endBlueVariance":0
,"minRadius":20
,"lifespanVariance":700
,"maxRadius":100
,"minRadiusVariance":10
,"startSize":55
,"startGreenVariance":0
,"startSizeVariance":53
,"rotatePerSecondVariance":10
,"endSize":57
,"endAlpha":1
,"startBlueVariance":0
,"endGreen":255
,"lifespan":1500
,"emitAngle":90
,"startBlue":255
,"startRedVariance":0
,"engGreenVariance":0
,"endSizeVariance":0
,"startRotation":140
,"rotatePerSecond":30
,"duration":300
,"startRotationVariance":0
,"startAlpha":0.8901960784313725
,"startAlphaVariance":0
,"gravity":{"x":0,"y":2000}
,"endRedVariance":0
,"endRotationVariance":0
,"startRed":255
,"endRed":255
,"startGreen":255
,"emitAngleVariance":6
,"speedVariance":150
,"maxParticles":150
,"emitter":{"x":0,"y":0}
,"blendFactorSource":"one"
,"endRotation":0
,"radialAcceleration":400
,"blendFactorDestination":"oneMinusSourceAlpha"
,"emitterVariance":{"x":200,"y":67}
,"radialAccelerationVariance":0
,"tangentialAcceleration":0
,"endBlue":255
,"speed":-750
,"tangentialAccelerationVariance":0
,"endAlphaVariance":0
,"emitterType":0
}