{
	"mc": {
		"yxx": {
			"frameRate": 24,
			"labels": [
				{
					"name": "start",
					"frame": 1,
					"end": 3
				}
			],
			"events": [],
			"frames": [
				{
					"res": "XZ_4-fs8",
					"x": 0,
					"y": 0
				},
				{
					"res": "XZ_5-fs8",
					"x": 0,
					"y": 0
				},
				{
					"res": "XZ_6-fs8",
					"x": 0,
					"y": 0
				}
			]
		}
	},
	"res": {
		"XZ_5-fs8": {
			"x": 555,
			"y": 0,
			"w": 269,
			"h": 220
		},
		"XZ_6-fs8": {
			"x": 0,
			"y": 0,
			"w": 281,
			"h": 221
		},
		"XZ_4-fs8": {
			"x": 283,
			"y": 0,
			"w": 270,
			"h": 221
		}
	}
}