{
	"mc": {
		"sb": {
			"frameRate": 24,
			"labels": [
				{
					"name": "start",
					"frame": 1,
					"end": 3
				}
			],
			"events": [],
			"frames": [
				{
					"res": "1",
					"x": 0,
					"y": 0
				},
				{
					"res": "2",
					"x": 0,
					"y": 0
				},
				{
					"res": "3",
					"x": 0,
					"y": 0
				}
			]
		}
	},
	"res": {
		"1": {
			"x": 0,
			"y": 0,
			"w": 281,
			"h": 221
		},
		"2": {
			"x": 283,
			"y": 0,
			"w": 270,
			"h": 221
		},
		"3": {
			"x": 555,
			"y": 0,
			"w": 269,
			"h": 220
		}
	}
}